"Setting","Pleio_Effect","N_Pleio_SNP","AtoB","PhenoA_Specific_Pct_Genetic","PhenoA_Specific_Pct_Total","PhenoA_Pleio_Pct_Genetic","PhenoA_Pleio_Pct_Total","PhenoA_Env_Pct_Total","PhenoB_Causal_Pct_Genetic","PhenoB_Causal_Pct_Total","PhenoB_Pleio_Pct_Genetic","PhenoB_Pleio_Pct_Total","PhenoB_Specific_Pct_Genetic","PhenoB_Specific_Pct_Total","PhenoB_Env_Pct_Total"
"BothPos",0.5,10,0,99.55,19.88,0.3,0.06,80.04,0,0,0.57,0.08,99.43,20.3,80.1
"BothPos",0.5,10,0.1,99.42,20.06,0.81,0.16,79.83,0.89,0.16,0.37,0.05,98.73,19.55,80.15
"BothPos",0.5,10,0.2,99.14,19.75,0.7,0.14,80.08,3.97,0.92,0.64,0.11,95.4,19.05,80.04
"BothPos",0.5,10,0.3,99.43,20.07,0.51,0.1,79.82,8.4,1.81,0.22,0.04,91.38,17.95,79.97
"BothPos",0.5,20,0,98.36,19.82,1.39,0.28,79.85,0,0,1.73,0.36,98.27,19.59,79.7
"BothPos",0.5,20,0.1,98.76,19.52,1.38,0.27,80.23,0.95,0.15,0.64,0.12,98.41,19.42,80.47
"BothPos",0.5,20,0.2,98.7,19.95,1.11,0.22,79.79,3.48,0.59,1,0.13,95.52,19.41,79.95
"BothPos",0.5,20,0.3,98.5,19.4,1.62,0.32,80.31,8.14,1.63,1.27,0.23,90.59,17.93,80.16
"BothPos",0.5,30,0,98.55,19.52,1.56,0.31,80.19,0,0,1.85,0.32,98.15,19.59,79.96
"BothPos",0.5,30,0.1,97.64,19.54,2.11,0.42,79.99,0.95,0.19,1.57,0.31,97.48,19.5,79.91
"BothPos",0.5,30,0.2,98.34,19.73,1.59,0.32,79.94,4.34,0.91,1.44,0.3,94.22,18.64,80.07
"BothPos",0.5,30,0.3,97.95,19.68,1.9,0.38,79.91,7.84,1.61,1.68,0.31,90.48,18.25,79.75
"BothPos",0.5,40,0,97.7,19.48,2.28,0.45,80.07,0,0,2.6,0.54,97.4,19.14,80.03
"BothPos",0.5,40,0.1,97.81,19.62,1.99,0.4,79.94,1.02,0.22,1.97,0.41,97.01,19.7,79.86
"BothPos",0.5,40,0.2,97.87,19.63,2.35,0.47,79.94,4.59,1,3.82,0.81,91.59,17.88,79.62
"BothPos",0.5,40,0.3,98.03,19.38,1.85,0.37,80.23,9.52,1.88,2.76,0.53,87.72,17.79,79.81
"BothPos",0.5,50,0,97.28,19.31,2.74,0.54,80.16,0,0,3.6,0.81,96.4,19.16,79.88
"BothPos",0.5,50,0.1,96.54,19.16,3.54,0.7,80.15,1.23,0.28,2.51,0.5,96.25,19.62,80.15
"BothPos",0.5,50,0.2,97.1,19.48,3.53,0.71,79.94,3.67,0.75,3.5,0.69,92.83,18.65,79.97
"BothPos",0.5,50,0.3,96.49,19.33,3.67,0.73,79.97,8.72,1.75,4.42,0.96,86.86,17.17,80.06
"BothPos",1,10,0,97.23,19.52,3.11,0.62,79.92,0,0,1.73,0.33,98.27,20.01,79.91
"BothPos",1,10,0.1,97.17,19.42,2.92,0.58,80.01,0.88,0.16,2.94,0.61,96.18,18.81,80.28
"BothPos",1,10,0.2,98.53,19.75,1.38,0.28,79.96,5.4,0.98,3.17,0.58,91.43,18.2,79.74
"BothPos",1,10,0.3,94.93,18.98,4.83,0.97,80.01,7.58,1.33,0.98,0.18,91.44,18.15,79.81
"BothPos",1,20,0,94.94,18.91,5.03,1,80.08,0,0,6.52,1.21,93.48,19,80.16
"BothPos",1,20,0.1,94.4,18.72,5.53,1.1,80.17,1.41,0.3,4.46,0.92,94.13,18.51,80.32
"BothPos",1,20,0.2,95.92,18.99,3.72,0.74,80.21,5.34,1.08,4.5,0.85,90.15,17.89,80
"BothPos",1,20,0.3,93.89,18.69,5.89,1.17,80.1,8.78,1.8,4.02,0.77,87.19,17.18,79.69
"BothPos",1,30,0,91.87,18.39,7.51,1.5,79.98,0,0,8.29,1.6,91.71,18.4,79.88
"BothPos",1,30,0.1,94.03,18.73,5.46,1.09,80.08,1.44,0.33,7.31,1.48,91.25,18.49,80.22
"BothPos",1,30,0.2,88.17,17.62,10.8,2.16,80.02,4.07,0.88,8.39,1.72,87.53,17.87,80.04
"BothPos",1,30,0.3,92.67,18.62,6.9,1.39,79.91,7.7,1.74,6.5,1.42,85.8,17.1,80.08
"BothPos",1,40,0,89.75,18.01,10.19,2.05,79.93,0,0,8.75,1.87,91.25,18.14,79.74
"BothPos",1,40,0.1,90.67,18.1,9.25,1.85,80.04,1.15,0.21,13.68,2.71,85.16,17.24,79.92
"BothPos",1,40,0.2,90.02,18.01,10.08,2.02,79.99,5.08,1.05,14.52,2.74,80.39,15.56,80.14
"BothPos",1,40,0.3,92.3,18.82,7.7,1.57,79.61,9.01,1.66,10.67,2.1,80.33,16.55,79.73
"BothPos",1,50,0,92.68,18.58,7.24,1.45,79.95,0,0,10.66,2.12,89.34,17.86,80.06
"BothPos",1,50,0.1,89.92,17.73,10.09,1.99,80.28,1.21,0.27,8.37,1.82,90.42,17.95,79.99
"BothPos",1,50,0.2,91.45,18.23,8.65,1.72,80.06,4.24,0.78,12.6,2.55,83.16,16.52,80.13
"BothPos",1,50,0.3,89.36,18.17,10.4,2.11,79.67,9.49,1.97,10.79,2.14,79.71,15.96,79.96
"BothPos",1.5,10,0,93.54,18.59,6.1,1.21,80.13,0,0,3.4,0.69,96.6,19.46,79.9
"BothPos",1.5,10,0.1,97.37,19.45,2.91,0.58,80.02,1.43,0.3,7.4,1.58,91.17,18.05,79.89
"BothPos",1.5,10,0.2,98.14,19.89,1.76,0.36,79.73,4.74,1.04,5.88,1.03,89.38,17.92,79.94
"BothPos",1.5,10,0.3,95.92,19.15,4.68,0.93,80.04,8.29,1.62,6.18,1.21,85.53,16.65,80.23
"BothPos",1.5,20,0,88.1,17.58,12.5,2.49,80.05,0,0,15.66,3.06,84.34,16.99,80.12
"BothPos",1.5,20,0.1,90.72,18.02,9.02,1.79,80.13,1.59,0.3,8.62,1.75,89.79,17.73,79.68
"BothPos",1.5,20,0.2,91,18.38,8.93,1.8,79.81,4.69,0.88,13.35,2.6,81.96,16.1,80.17
"BothPos",1.5,20,0.3,87.66,17.5,11.94,2.38,80.03,9.84,2,6.04,1.2,84.12,17.28,80.06
"BothPos",1.5,30,0,85.24,17.14,14.74,2.96,79.89,0,0,14.77,3.12,85.23,17.15,80.2
"BothPos",1.5,30,0.1,89.24,17.95,10.29,2.07,79.89,1.47,0.31,11.7,2.22,86.83,17.11,79.93
"BothPos",1.5,30,0.2,82.56,16.57,16.88,3.39,79.93,5.04,1.02,14,2.76,80.96,16.09,79.82
"BothPos",1.5,30,0.3,86.41,17.21,13.31,2.65,80.08,9.02,1.65,12.92,2.69,78.05,15.56,80.1
"BothPos",1.5,40,0,83.59,16.92,17.19,3.48,79.76,0,0,14.92,2.9,85.08,17.19,79.97
"BothPos",1.5,40,0.1,81.14,16.28,18.04,3.62,79.93,1.96,0.4,22.17,4.32,75.87,15.36,79.9
"BothPos",1.5,40,0.2,83.82,16.69,15.74,3.13,80.09,5.04,0.91,20.53,3.99,74.43,14.42,79.9
"BothPos",1.5,40,0.3,80.85,16.08,19.9,3.96,80.11,8.21,1.65,16.2,3.14,75.59,15.37,79.55
"BothPos",1.5,50,0,80.9,16.22,19.28,3.87,79.95,0,0,23.75,4.72,76.25,15.53,80.27
"BothPos",1.5,50,0.1,80.09,16.28,20.1,4.09,79.67,2.17,0.43,21.49,4.42,76.34,15.49,79.95
"BothPos",1.5,50,0.2,75.08,15.05,24.71,4.95,79.96,5.49,1.11,24.3,4.68,70.21,13.85,80.23
"BothPos",1.5,50,0.3,77,15.22,23.14,4.57,80.24,10.34,2.15,25.87,5.36,63.8,12.15,79.93
"BothPos",2,10,0,87.47,17.66,12.16,2.45,79.82,0,0,10.95,2.14,89.05,17.66,80.14
"BothPos",2,10,0.1,85.73,17.4,14.56,2.95,79.71,1.79,0.32,6.7,1.36,91.51,18.29,80.07
"BothPos",2,10,0.2,89.25,17.81,10.18,2.03,80.05,4.68,0.98,10.04,1.92,85.28,17.25,80.05
"BothPos",2,10,0.3,93.32,18.81,6.09,1.23,79.85,12.33,2.51,7.26,1.55,80.41,15.96,79.84
"BothPos",2,20,0,86.57,17.61,13.15,2.67,79.65,0,0,18.89,4.01,81.11,16.22,79.84
"BothPos",2,20,0.1,90.7,18,9.18,1.82,80.16,1.3,0.29,16.89,3.31,81.81,16.13,80.08
"BothPos",2,20,0.2,82.54,16.54,18.18,3.64,79.96,5.47,0.98,18.95,3.89,75.57,15.05,79.98
"BothPos",2,20,0.3,83.84,16.72,16.45,3.28,80.06,9.15,1.75,10.21,2.12,80.65,16.1,80.13
"BothPos",2,30,0,82.36,16.34,16.75,3.32,80.16,0,0,19.57,3.97,80.43,15.98,79.81
"BothPos",2,30,0.1,82.37,16.36,17.28,3.43,80.14,1.88,0.33,20.69,4.01,77.44,15.71,79.58
"BothPos",2,30,0.2,85.37,17.08,14.62,2.92,79.99,4.5,0.9,19.49,3.93,76,15.16,80.03
"BothPos",2,30,0.3,75.46,15.04,24.11,4.81,80.07,12.36,2.54,31.61,6.42,56.04,11.37,80.04
"BothPos",2,40,0,70.26,13.89,30.42,6.02,80.22,0,0,29.38,6.04,70.62,13.88,79.66
"BothPos",2,40,0.1,68.65,13.46,30.28,5.94,80.39,1.92,0.37,27.15,5.29,70.92,14.37,79.89
"BothPos",2,40,0.2,78.2,15.52,22.61,4.49,80.15,6.57,1.32,32.22,6.55,61.21,12.33,80.08
"BothPos",2,40,0.3,72.39,14.55,27.42,5.51,79.9,11.03,2.17,30.4,6.15,58.57,11.62,80.36
"BothPos",2,50,0,65.19,13.14,33.54,6.76,79.85,0,0,37.63,7.51,62.37,12.31,80.16
"BothPos",2,50,0.1,75.79,14.99,26.03,5.15,80.23,2.14,0.47,32.81,6.67,65.05,12.86,79.78
"BothPos",2,50,0.2,57.92,11.52,40.71,8.09,80.12,6.54,1.36,40.15,8.27,53.31,10.45,80.07
"BothPos",2,50,0.3,68.4,13.81,31.3,6.32,79.81,12.18,2.28,33.43,6.86,54.39,10.75,80.25
"BothNeg",0.5,10,0,99.47,19.93,0.68,0.14,79.96,0,0,0.27,0.03,99.73,19.86,79.79
"BothNeg",0.5,10,0.1,99.64,20.02,0.4,0.08,79.91,1.17,0.24,0.63,0.12,98.2,19.48,80.01
"BothNeg",0.5,10,0.2,99.56,19.82,0.48,0.1,80.09,4.05,0.81,0.93,0.24,95.02,18.87,79.7
"BothNeg",0.5,10,0.3,99.22,19.89,0.88,0.18,79.96,7.67,1.56,0.44,0.06,91.89,18.19,79.99
"BothNeg",0.5,20,0,98.72,19.98,1.31,0.27,79.76,0,0,1.21,0.2,98.79,19.89,80
"BothNeg",0.5,20,0.1,98.48,19.55,1.44,0.29,80.15,1.43,0.24,1.34,0.25,97.23,19.03,80.21
"BothNeg",0.5,20,0.2,98.39,19.8,1.67,0.34,79.87,3.8,0.77,1.45,0.38,94.75,18.88,79.77
"BothNeg",0.5,20,0.3,98.59,19.94,1.45,0.29,79.77,8.4,1.64,0.8,0.13,90.8,17.93,79.8
"BothNeg",0.5,30,0,98.19,19.57,2,0.4,80.07,0,0,2.33,0.49,97.67,19.48,79.86
"BothNeg",0.5,30,0.1,98.26,19.57,1.96,0.39,80.08,1.28,0.25,1.61,0.3,97.11,19.55,80.06
"BothNeg",0.5,30,0.2,97.31,19.24,2.82,0.56,80.22,2.44,0.45,1.77,0.4,95.8,19.78,79.55
"BothNeg",0.5,30,0.3,97.92,19.36,1.89,0.37,80.23,9.84,1.99,2.23,0.44,87.93,17.76,80.21
"BothNeg",0.5,40,0,97.92,19.53,2.17,0.43,80.05,0,0,2.69,0.52,97.31,19.07,79.79
"BothNeg",0.5,40,0.1,97.06,19.21,3.31,0.65,80.21,0.93,0.2,2.05,0.45,97.02,19.31,80.19
"BothNeg",0.5,40,0.2,96.78,19.28,2.74,0.55,80.07,4.07,0.81,2.68,0.5,93.25,18.61,79.93
"BothNeg",0.5,40,0.3,97.94,19.5,1.89,0.38,80.09,8.85,1.92,1.86,0.39,89.29,18.17,79.91
"BothNeg",0.5,50,0,96.54,19.4,3.52,0.71,79.91,0,0,1.68,0.37,98.32,19.82,80.12
"BothNeg",0.5,50,0.1,97.24,19.99,2.93,0.6,79.44,1.24,0.27,3.1,0.64,95.66,19.38,80.07
"BothNeg",0.5,50,0.2,97,19.46,3.24,0.65,79.94,4.06,0.81,2.21,0.45,93.73,18.63,79.83
"BothNeg",0.5,50,0.3,98.39,19.97,1.73,0.35,79.7,10.24,2.04,3.34,0.72,86.43,17.45,79.79
"BothNeg",1,10,0,98.46,19.49,1.79,0.36,80.21,0,0,1.82,0.31,98.18,19.51,79.81
"BothNeg",1,10,0.1,96.7,19.51,4.13,0.83,79.83,1.12,0.22,2.23,0.5,96.65,18.92,79.88
"BothNeg",1,10,0.2,95.75,18.99,3.67,0.73,80.17,4.35,1,3.55,0.74,92.1,18.58,79.9
"BothNeg",1,10,0.3,96.91,19.18,3.48,0.69,80.21,11.65,2.43,2.64,0.5,85.72,16.88,80.32
"BothNeg",1,20,0,95.02,19.11,4.85,0.97,79.89,0,0,7.8,1.5,92.2,17.94,79.84
"BothNeg",1,20,0.1,92.46,18.43,7.25,1.44,80.07,1.31,0.23,6.52,1.2,92.17,18.55,79.64
"BothNeg",1,20,0.2,94.6,19.01,5.94,1.19,79.9,4.52,0.92,3.89,0.8,91.59,18.17,79.77
"BothNeg",1,20,0.3,94.44,18.75,4.71,0.94,80.14,8.96,1.78,8.58,1.66,82.46,16.2,80.12
"BothNeg",1,30,0,91.35,18.33,8.18,1.64,79.94,0,0,9.64,1.99,90.36,18.33,79.71
"BothNeg",1,30,0.1,90.65,18.32,9.4,1.9,79.79,1.74,0.38,11.63,2.46,86.64,17.14,79.99
"BothNeg",1,30,0.2,93.52,18.55,7.51,1.49,80.17,3.59,0.76,7.75,1.56,88.65,17.56,80.2
"BothNeg",1,30,0.3,91.85,18.4,8.3,1.66,79.97,8.85,1.62,8.43,1.54,82.71,16.7,80.05
"BothNeg",1,40,0,91.06,18.23,8.62,1.73,79.98,0,0,12.81,2.56,87.19,17.26,79.76
"BothNeg",1,40,0.1,91.25,18.2,8.7,1.73,80.05,1.68,0.33,10.61,1.99,87.71,17.59,80.13
"BothNeg",1,40,0.2,92.16,18.32,8.04,1.6,80.12,4.59,0.99,9.28,1.68,86.13,17.44,79.75
"BothNeg",1,40,0.3,87.38,17.64,12.98,2.62,79.81,9.68,2.07,8.16,1.66,82.16,16.6,79.85
"BothNeg",1,50,0,89.65,17.93,10.42,2.08,80,0,0,9.96,1.82,90.04,18.23,79.72
"BothNeg",1,50,0.1,88.66,17.7,11.51,2.3,80.04,1.66,0.36,13.38,2.58,84.97,17.22,79.88
"BothNeg",1,50,0.2,89.63,17.98,11.02,2.21,79.94,4.91,1.03,12.84,2.63,82.25,16.52,79.82
"BothNeg",1,50,0.3,90.05,17.98,9.99,2,80.03,7.98,1.61,9.37,1.9,82.65,16.43,79.81
"BothNeg",1.5,10,0,96.23,19.2,3.82,0.76,80.05,0,0,8.86,1.81,91.14,18.22,79.61
"BothNeg",1.5,10,0.1,95.97,19.04,4.32,0.86,80.16,0.87,0.15,7.8,1.58,91.33,17.82,79.98
"BothNeg",1.5,10,0.2,93.22,18.88,7.05,1.43,79.75,5,1.13,10.28,2.16,84.72,17.05,79.96
"BothNeg",1.5,10,0.3,95.72,18.76,4.31,0.85,80.4,9.21,1.93,4.59,0.94,86.2,17.22,80.15
"BothNeg",1.5,20,0,86.31,17.19,14.26,2.84,80.09,0,0,13.55,2.77,86.45,17.39,80.32
"BothNeg",1.5,20,0.1,89.85,17.78,9.61,1.9,80.21,1.44,0.3,10.66,2.16,87.9,17.33,80.05
"BothNeg",1.5,20,0.2,89.13,17.63,11.56,2.29,80.22,4.47,0.95,10.05,2.08,85.47,16.91,79.93
"BothNeg",1.5,20,0.3,88.56,17.48,11.71,2.31,80.26,11.78,2.4,12.41,2.58,75.81,14.75,80.06
"BothNeg",1.5,30,0,86.61,17.27,12.74,2.54,80.06,0,0,15.84,3.07,84.16,17.02,80.11
"BothNeg",1.5,30,0.1,79.83,16.12,20.95,4.23,79.81,2.03,0.4,14.88,2.75,83.09,16.56,80.32
"BothNeg",1.5,30,0.2,86.67,16.98,13.48,2.64,80.4,5.31,1.07,12.88,2.45,81.81,16.01,80.07
"BothNeg",1.5,30,0.3,84.55,16.93,15.69,3.14,79.98,12.79,2.49,21.52,4.22,65.69,13.33,79.8
"BothNeg",1.5,40,0,80.25,16.21,18.49,3.74,79.8,0,0,23.86,4.58,76.14,15.08,79.88
"BothNeg",1.5,40,0.1,75.54,14.96,24.48,4.85,80.19,1.98,0.41,16.64,3.23,81.38,16.08,79.68
"BothNeg",1.5,40,0.2,79.1,15.87,20.37,4.09,79.94,4.93,1,16.38,3.14,78.69,15.54,80.27
"BothNeg",1.5,40,0.3,78.2,15.52,21.1,4.19,80.15,11.03,2.24,16.86,3.59,72.11,14.49,80.03
"BothNeg",1.5,50,0,82.54,16.66,17.17,3.47,79.81,0,0,27.3,5.64,72.7,14.39,79.82
"BothNeg",1.5,50,0.1,78.04,15.56,21.19,4.22,80.06,1.68,0.28,16.58,3.41,81.74,16.15,79.87
"BothNeg",1.5,50,0.2,73.1,15,25.93,5.32,79.48,6.25,1.27,24.97,5.02,68.78,13.83,79.93
"BothNeg",1.5,50,0.3,80.43,15.99,19.1,3.8,80.12,9.23,1.84,20.73,4.11,70.04,14.14,80.15
"BothNeg",2,10,0,92.24,18.32,7.83,1.55,80.14,0,0,12.92,2.73,87.08,17.3,79.84
"BothNeg",2,10,0.1,94.97,19.25,5.04,1.02,79.74,1.2,0.21,7.81,1.59,90.99,17.99,79.93
"BothNeg",2,10,0.2,94.28,19.22,5.31,1.08,79.62,3.75,0.7,15.68,3.13,80.57,16.62,80.21
"BothNeg",2,10,0.3,91.49,18.41,8.94,1.8,79.87,9.63,2.1,11.1,2.43,79.28,15.9,79.93
"BothNeg",2,20,0,81.34,16.23,20.4,4.07,80.05,0,0,18.26,3.66,81.74,16.37,80.04
"BothNeg",2,20,0.1,86.99,17.23,12.65,2.51,80.19,1.33,0.3,14.81,3.04,83.86,16.92,79.95
"BothNeg",2,20,0.2,75.73,15.08,24.43,4.86,80.09,5.74,1.11,22.72,4.34,71.54,14.44,79.85
"BothNeg",2,20,0.3,79.25,16.15,20.43,4.16,79.62,10.07,1.8,11.1,2.17,78.84,15.75,80.09
"BothNeg",2,30,0,76.14,15.36,23.25,4.69,79.82,0,0,18.96,3.83,81.04,16.23,80.09
"BothNeg",2,30,0.1,79.96,15.79,20.83,4.12,80.25,1.79,0.36,19.47,3.82,78.74,15.78,79.33
"BothNeg",2,30,0.2,76.89,15.32,22.6,4.5,80.07,5.69,1.14,20.03,3.98,74.28,14.92,79.76
"BothNeg",2,30,0.3,76.83,15.25,22.63,4.49,80.15,11.08,2.21,23.52,4.63,65.4,13.38,79.93
"BothNeg",2,40,0,72.79,14.65,26.78,5.39,79.87,0,0,27.47,5.6,72.53,14.58,79.65
"BothNeg",2,40,0.1,66.7,13.42,35.39,7.12,79.88,1.7,0.34,25.57,5.06,72.73,14.41,79.64
"BothNeg",2,40,0.2,68.93,13.71,31.22,6.21,80.1,5.52,1.04,28.63,5.66,65.86,12.79,80.01
"BothNeg",2,40,0.3,73.41,14.77,26.65,5.36,79.88,13.6,2.72,27.39,5.35,59.01,11.85,79.78
"BothNeg",2,50,0,68.9,13.9,30.89,6.23,79.82,0,0,33.46,6.56,66.54,13.35,80.04
"BothNeg",2,50,0.1,63.27,12.6,37.3,7.43,80.08,2.4,0.47,32.39,6.62,65.21,13.29,80.02
"BothNeg",2,50,0.2,66.22,13.26,34.34,6.87,79.98,6.15,1.26,25.34,4.81,68.51,13.86,80.26
"BothNeg",2,50,0.3,69.97,13.98,29.78,5.95,80.02,11.29,2.27,36.43,7.4,52.28,10.52,79.61
"AposBneg",0.5,10,0,99.04,19.58,0.89,0.18,80.23,0,0,1.2,0.27,98.8,19.54,80.09
"AposBneg",0.5,10,0.1,99.47,19.89,0.51,0.1,80,0.65,0.1,0.46,0.11,98.89,19.86,79.88
"AposBneg",0.5,10,0.2,99.66,20.45,0.4,0.08,79.48,4.04,0.79,0.29,0.06,95.67,19.26,79.96
"AposBneg",0.5,10,0.3,99.25,20.21,0.59,0.12,79.63,9.45,1.82,0.42,0.08,90.13,17.87,79.95
"AposBneg",0.5,20,0,97.82,19.4,2.13,0.42,80.16,0,0,1.85,0.31,98.15,19.95,79.75
"AposBneg",0.5,20,0.1,98.56,19.71,1.57,0.31,80.01,0.93,0.2,0.81,0.17,98.25,18.86,80.42
"AposBneg",0.5,20,0.2,98.59,20.02,1.79,0.36,79.69,3.33,0.63,0.94,0.21,95.72,18.83,80.13
"AposBneg",0.5,20,0.3,99.14,19.6,0.84,0.17,80.23,6.96,1.43,0.55,0.12,92.49,18.33,80
"AposBneg",0.5,30,0,97.94,19.45,2.2,0.44,80.14,0,0,1.97,0.42,98.03,19.76,79.97
"AposBneg",0.5,30,0.1,98.24,19.71,2.04,0.41,79.94,1.11,0.2,2.08,0.33,96.81,19.37,80.09
"AposBneg",0.5,30,0.2,98.19,19.84,1.84,0.37,79.8,4.13,0.81,1.43,0.3,94.44,18.82,80.22
"AposBneg",0.5,30,0.3,96.96,19.48,2.59,0.52,79.91,8,1.62,1.4,0.28,90.59,18.26,80.04
"AposBneg",0.5,40,0,97.1,19.33,2.79,0.56,80.09,0,0,1.63,0.33,98.37,19.67,80.01
"AposBneg",0.5,40,0.1,98.04,19.7,2.1,0.42,79.91,0.9,0.18,1.7,0.25,97.4,19.7,79.9
"AposBneg",0.5,40,0.2,98.4,19.48,1.6,0.32,80.21,3.13,0.67,2.11,0.44,94.76,19.14,80.07
"AposBneg",0.5,40,0.3,96.71,19.47,3.54,0.71,79.87,6.43,1.46,2.3,0.48,91.28,18.17,80.08
"AposBneg",0.5,50,0,97.64,19.46,2.56,0.51,80.07,0,0,3.39,0.68,96.61,19.47,80.08
"AposBneg",0.5,50,0.1,96.78,19.27,3.42,0.68,80.09,0.94,0.19,2.68,0.52,96.38,19.37,80.02
"AposBneg",0.5,50,0.2,96.09,19.1,3.77,0.75,80.12,3.41,0.71,2.08,0.4,94.52,19,79.7
"AposBneg",0.5,50,0.3,97.31,19.26,2.86,0.57,80.21,7.57,1.53,2.51,0.47,89.92,18.32,79.92
"AposBneg",1,10,0,99.19,20.12,0.86,0.18,79.72,0,0,2.83,0.55,97.17,19.44,79.61
"AposBneg",1,10,0.1,98.66,19.61,1.24,0.25,80.12,0.69,0.1,1.65,0.35,97.66,19.12,80.09
"AposBneg",1,10,0.2,96.69,19.11,3.26,0.64,80.23,3.85,0.77,1.55,0.32,94.6,18.98,79.84
"AposBneg",1,10,0.3,97.22,19.24,2.44,0.48,80.21,8.41,1.68,2.49,0.57,89.09,17.79,79.89
"AposBneg",1,20,0,96.68,19.26,3.75,0.75,80.08,0,0,4.12,0.75,95.88,19.06,79.83
"AposBneg",1,20,0.1,95.71,19.17,4.59,0.92,79.97,0.66,0.15,3.67,0.74,95.67,19.66,79.67
"AposBneg",1,20,0.2,93.82,19.04,5.81,1.18,79.7,3.03,0.67,5.57,1.17,91.4,18.11,80.03
"AposBneg",1,20,0.3,95.9,19.04,4.24,0.84,80.14,8,1.69,3.57,0.77,88.43,17.91,80.1
"AposBneg",1,30,0,93.15,18.77,6.53,1.32,79.85,0,0,6.44,1.31,93.56,18.79,80.15
"AposBneg",1,30,0.1,92.9,18.66,6.89,1.38,79.91,0.35,0.16,12.09,2.38,87.57,17.76,79.9
"AposBneg",1,30,0.2,92.32,18.22,7.76,1.53,80.27,2.47,0.51,3.97,0.79,93.55,18.7,79.97
"AposBneg",1,30,0.3,92.69,18.53,7.79,1.56,80.01,6.35,1.25,3.81,0.82,89.83,17.99,80.01
"AposBneg",1,40,0,91.61,18.51,8.48,1.71,79.8,0,0,8.55,1.71,91.45,18.36,79.91
"AposBneg",1,40,0.1,91.42,18.56,8.88,1.8,79.69,0.39,0.05,9.67,1.98,89.94,17.97,79.79
"AposBneg",1,40,0.2,92.27,18.68,7.84,1.59,79.75,4.81,0.87,8.96,1.96,86.23,17.26,79.9
"AposBneg",1,40,0.3,87.68,17.16,12.97,2.54,80.43,7.44,1.54,5.67,1.11,86.89,17.04,80.19
"AposBneg",1,50,0,91,18.05,9.36,1.86,80.17,0,0,10.39,1.99,89.61,17.79,80.25
"AposBneg",1,50,0.1,90.66,17.75,8.26,1.62,80.42,0.78,0.18,10.36,2.08,88.86,17.55,79.91
"AposBneg",1,50,0.2,91.29,18.4,8.15,1.64,79.84,3.61,0.74,8.02,1.47,88.37,17.7,80.37
"AposBneg",1,50,0.3,92.32,18.62,7.72,1.56,79.83,8.56,1.59,10.24,2.07,81.19,16.15,79.9
"AposBneg",1.5,10,0,96.39,19.11,4.2,0.83,80.17,0,0,5.44,1.08,94.56,19.1,79.72
"AposBneg",1.5,10,0.1,92.99,18.24,7.75,1.52,80.39,0.59,0.1,5.12,1.06,94.29,18.94,79.93
"AposBneg",1.5,10,0.2,95.63,18.99,4.36,0.87,80.14,3.84,0.85,2.71,0.54,93.45,18.91,79.66
"AposBneg",1.5,10,0.3,94.13,18.98,5.69,1.15,79.83,7.09,1.32,2.38,0.51,90.53,18.26,79.92
"AposBneg",1.5,20,0,87.23,17.5,12.44,2.5,79.94,0,0,9.62,1.88,90.38,17.95,80.25
"AposBneg",1.5,20,0.1,87.9,17.39,13.1,2.59,80.21,0.4,0.09,9.73,1.88,89.87,17.96,79.92
"AposBneg",1.5,20,0.2,92.76,18.32,7.09,1.4,80.25,4.42,0.96,8.89,1.76,86.69,17.31,79.97
"AposBneg",1.5,20,0.3,91.85,18.41,8.26,1.66,79.95,7.66,1.45,7.17,1.41,85.18,17.34,79.96
"AposBneg",1.5,30,0,83.61,16.52,16.84,3.33,80.24,0,0,15.2,3.16,84.8,16.62,79.84
"AposBneg",1.5,30,0.1,85.37,16.98,14.75,2.93,80.1,0.29,0.02,13.97,2.92,85.74,17.16,80.23
"AposBneg",1.5,30,0.2,87.87,17.68,11.83,2.38,79.88,2.76,0.48,9.03,1.9,88.21,17.74,80.24
"AposBneg",1.5,30,0.3,85.76,17.41,14.67,2.98,79.7,7.19,1.57,12.81,2.3,80,15.77,79.77
"AposBneg",1.5,40,0,76.92,15.43,23.1,4.63,79.95,0,0,17,3.33,83,16.74,79.98
"AposBneg",1.5,40,0.1,86.14,17.22,14.2,2.84,80.01,0.02,0.04,17.15,3.46,82.83,16.95,80.04
"AposBneg",1.5,40,0.2,80.8,16.47,18.64,3.8,79.62,2.28,0.37,18.1,3.95,79.61,15.6,79.98
"AposBneg",1.5,40,0.3,82.51,16.41,17.53,3.49,80.11,6.54,1.46,17.71,3.48,75.76,15.16,79.79
"AposBneg",1.5,50,0,87.33,17.6,13.18,2.66,79.84,0,0,19.43,3.95,80.57,15.94,80.11
"AposBneg",1.5,50,0.1,77,15.53,23.03,4.64,79.83,-0.07,-0.03,19.89,4.19,80.17,15.91,79.98
"AposBneg",1.5,50,0.2,80.28,16.25,20.16,4.08,79.76,1.52,0.32,23.59,4.65,74.89,15.16,79.88
"AposBneg",1.5,50,0.3,81.15,16.27,18.26,3.66,79.95,8.3,1.54,20.03,4.15,71.67,14.76,79.96
"AposBneg",2,10,0,92.84,18.3,7.36,1.45,80.29,0,0,7.69,1.51,92.31,18.38,80.13
"AposBneg",2,10,0.1,93.3,18.37,6.36,1.25,80.31,0.51,0.04,10.24,1.94,89.25,17.74,80.03
"AposBneg",2,10,0.2,88.66,17.63,11.56,2.3,80.12,3.81,0.83,5.39,1.06,90.8,17.68,80.21
"AposBneg",2,10,0.3,92.55,18.78,7.78,1.58,79.71,8.74,1.86,8.44,1.7,82.82,16.65,79.88
"AposBneg",2,20,0,82.14,16.36,18.18,3.62,80.09,0,0,16.57,3.34,83.43,17.05,79.88
"AposBneg",2,20,0.1,82.04,16.33,18.79,3.74,80.09,-0.08,-0.04,12.73,2.54,87.35,17.47,79.81
"AposBneg",2,20,0.2,80.38,15.9,18.86,3.73,80.22,1.85,0.45,12.46,2.52,85.69,17.01,80.15
"AposBneg",2,20,0.3,80.7,16.28,18.58,3.75,79.82,6.15,1.21,13.28,2.59,80.58,16.12,80.03
"AposBneg",2,30,0,79.43,15.78,20.47,4.07,80.14,0,0,23.54,4.73,76.46,15.49,79.94
"AposBneg",2,30,0.1,83.26,16.57,17.56,3.49,80.1,0.62,0.14,20.56,4.12,78.82,15.87,80
"AposBneg",2,30,0.2,88.66,18.05,11.7,2.38,79.64,2.09,0.5,22.38,4.3,75.53,15.15,80.16
"AposBneg",2,30,0.3,74.12,14.63,27.11,5.35,80.26,5.11,0.97,12.48,2.4,82.41,16.37,80.07
"AposBneg",2,40,0,71.44,14.45,28.18,5.7,79.77,0,0,24.69,4.88,75.31,15.01,79.95
"AposBneg",2,40,0.1,65.17,13.26,35.41,7.21,79.65,-0.55,-0.11,17.54,3.46,83.01,16.54,79.74
"AposBneg",2,40,0.2,70.08,14.17,30.29,6.13,79.77,1.07,0.18,20.55,4.06,78.38,15.44,79.99
"AposBneg",2,40,0.3,68.49,13.48,31.16,6.13,80.32,4.96,0.96,18.78,3.71,76.26,15.55,80.04
"AposBneg",2,50,0,59.08,12,40.62,8.25,79.69,0,0,25.17,5.24,74.83,15.13,79.76
"AposBneg",2,50,0.1,64.99,12.93,35.1,6.98,80.1,-0.76,-0.15,34.92,6.93,65.83,13.26,80.14
"AposBneg",2,50,0.2,75.37,14.85,24.59,4.85,80.3,0.64,0.01,30.35,6.26,69,14.09,79.97
"AposBneg",2,50,0.3,62.79,12.55,37.04,7.4,80.02,5.63,1.17,29.07,5.68,65.3,13.09,80.08
"AnegBpos",0.5,10,0,99.69,19.87,0.42,0.08,80.07,0,0,0.5,0.11,99.5,19.64,79.64
"AnegBpos",0.5,10,0.1,98.66,19.84,1.01,0.2,79.89,1.31,0.27,1.45,0.3,97.24,19.17,80.13
"AnegBpos",0.5,10,0.2,99.61,19.69,0.42,0.08,80.23,3.53,0.66,0.95,0.17,95.52,19.06,79.92
"AnegBpos",0.5,10,0.3,99.27,19.63,0.72,0.14,80.23,9.61,2.09,0.48,0.06,89.91,17.82,80.4
"AnegBpos",0.5,20,0,98.84,20.02,1.36,0.28,79.74,0,0,1.74,0.3,98.26,19.68,79.88
"AnegBpos",0.5,20,0.1,98.24,19.57,1.78,0.35,80.08,0.97,0.17,0.85,0.25,98.18,19.73,80
"AnegBpos",0.5,20,0.2,99.4,19.9,0.78,0.16,79.98,4.79,0.9,0.98,0.2,94.23,18.58,79.83
"AnegBpos",0.5,20,0.3,98.6,19.53,1.31,0.26,80.19,7.77,1.49,0.76,0.14,91.47,18.6,79.69
"AnegBpos",0.5,30,0,97.79,19.59,2.06,0.41,79.97,0,0,1.8,0.32,98.2,19.53,80.12
"AnegBpos",0.5,30,0.1,96.81,19.47,2.97,0.6,79.89,0.72,0.17,1.99,0.43,97.29,19.74,79.99
"AnegBpos",0.5,30,0.2,98.33,19.89,1.76,0.36,79.77,4.11,0.9,1.83,0.36,94.06,18.87,79.97
"AnegBpos",0.5,30,0.3,98.1,19.48,1.67,0.33,80.14,8.96,1.75,1.39,0.27,89.65,17.75,80.19
"AnegBpos",0.5,40,0,97.84,19.72,2.13,0.43,79.85,0,0,2.41,0.51,97.59,19.35,79.98
"AnegBpos",0.5,40,0.1,97.66,19.64,1.93,0.39,79.89,0.89,0.17,2.31,0.45,96.8,19.19,80.62
"AnegBpos",0.5,40,0.2,97.44,19.68,2.55,0.51,79.8,3.41,0.74,1.41,0.31,95.18,19.33,79.86
"AnegBpos",0.5,40,0.3,97.49,19.46,2.39,0.48,80.04,7.13,1.5,1.81,0.34,91.06,17.98,80.2
"AnegBpos",0.5,50,0,96.23,19.35,3.56,0.72,79.89,0,0,2.16,0.48,97.84,19.59,79.86
"AnegBpos",0.5,50,0.1,96.37,19.02,3.31,0.65,80.27,0.68,0.14,2.71,0.54,96.62,18.84,79.8
"AnegBpos",0.5,50,0.2,96.98,19.38,2.81,0.56,80.01,3.25,0.68,2.32,0.45,94.44,18.92,80.08
"AnegBpos",0.5,50,0.3,96.64,19.24,3.33,0.66,80.09,7.8,1.52,1.7,0.35,90.5,17.82,80.16
"AnegBpos",1,10,0,95.59,19.32,4.35,0.88,79.79,0,0,1.25,0.21,98.75,19.79,79.87
"AnegBpos",1,10,0.1,98.46,19.65,1.61,0.32,80.05,1.12,0.25,1.53,0.37,97.35,19.39,79.88
"AnegBpos",1,10,0.2,97.1,19.06,2.68,0.52,80.38,3.22,0.64,3.99,0.8,92.8,18.37,80.27
"AnegBpos",1,10,0.3,98.78,19.58,1.16,0.23,80.18,6.48,1.36,2.69,0.5,90.83,18.46,80.37
"AnegBpos",1,20,0,91.37,18.28,9.14,1.83,80,0,0,3.84,0.88,96.16,18.94,80.2
"AnegBpos",1,20,0.1,95.17,19.01,5,1,80.03,0.71,0.13,4.48,0.89,94.81,18.66,80.37
"AnegBpos",1,20,0.2,95.61,19.03,4.38,0.87,80.1,3.33,0.64,1.85,0.41,94.82,18.96,80.08
"AnegBpos",1,20,0.3,95.86,19.32,4.1,0.83,79.85,7.61,1.61,4.2,0.82,88.19,18.23,80.05
"AnegBpos",1,30,0,93.68,18.8,5.89,1.18,79.93,0,0,8.34,1.69,91.66,18.44,79.93
"AnegBpos",1,30,0.1,94.77,19.01,5.11,1.02,79.94,0.92,0.19,6.47,1.38,92.61,18.36,80.36
"AnegBpos",1,30,0.2,91.7,18.4,8.45,1.7,79.93,2.89,0.45,7.22,1.43,89.89,18.37,80.06
"AnegBpos",1,30,0.3,93.51,18.91,6.33,1.28,79.77,7.67,1.42,5.69,1.16,86.64,17.55,80.37
"AnegBpos",1,40,0,89.88,17.77,9.99,1.98,80.23,0,0,9.27,1.82,90.73,17.78,80.17
"AnegBpos",1,40,0.1,91.22,18.34,8.7,1.75,79.89,0.47,0.05,8.94,1.79,90.59,17.84,79.71
"AnegBpos",1,40,0.2,87.91,17.58,12.07,2.41,80,2.22,0.45,10.67,2.27,87.11,17.37,79.68
"AnegBpos",1,40,0.3,87.89,17.28,12.1,2.38,80.34,7.92,1.72,3.88,0.81,88.2,17.51,79.99
"AnegBpos",1,50,0,90.76,18.18,9.84,1.97,79.97,0,0,8.48,1.85,91.52,18.35,79.73
"AnegBpos",1,50,0.1,87.37,17.73,12.55,2.55,79.71,0.57,0.13,6.77,1.34,92.65,18.81,79.9
"AnegBpos",1,50,0.2,86.11,17.1,14,2.78,80.14,3.23,0.58,10.14,1.86,86.63,17.19,80.03
"AnegBpos",1,50,0.3,87.11,17.39,13.07,2.61,80.04,6.79,1.4,6.81,1.32,86.4,17.35,79.75
"AnegBpos",1.5,10,0,94.91,18.91,4.75,0.95,80.07,0,0,7.3,1.36,92.7,18.59,80.09
"AnegBpos",1.5,10,0.1,91.18,18.21,9.06,1.81,80.03,0.22,0.03,8.22,1.41,91.56,18.35,79.63
"AnegBpos",1.5,10,0.2,94.31,18.61,6.1,1.2,80.27,4.68,1.04,6.25,1.17,89.06,17.74,80.06
"AnegBpos",1.5,10,0.3,95.59,19.09,3.87,0.77,80.03,8.65,1.67,2.72,0.57,88.64,17.69,80.18
"AnegBpos",1.5,20,0,90,17.89,9.53,1.9,80.12,0,0,9.71,1.89,90.29,18.24,79.86
"AnegBpos",1.5,20,0.1,91.84,18.46,8.05,1.62,79.9,0.38,0.06,15.74,3.16,83.88,16.71,80.04
"AnegBpos",1.5,20,0.2,89.52,17.62,10.8,2.13,80.31,2.48,0.56,5.73,1.13,91.78,18.64,80.05
"AnegBpos",1.5,20,0.3,90.96,18.28,9.07,1.82,79.9,6.47,1.31,4.94,0.93,88.58,18.21,79.83
"AnegBpos",1.5,30,0,81.81,16.3,17.61,3.51,80.07,0,0,15.89,3.24,84.11,16.98,80.3
"AnegBpos",1.5,30,0.1,79.42,16.07,20.79,4.21,79.77,0.42,0.1,9.36,2,90.22,17.97,79.95
"AnegBpos",1.5,30,0.2,85.67,16.97,13.78,2.73,80.19,3.1,0.53,14.41,2.75,82.49,16.81,79.93
"AnegBpos",1.5,30,0.3,89.33,17.83,11.26,2.25,80.04,5.96,1.28,14.16,2.98,79.88,15.96,80.03
"AnegBpos",1.5,40,0,84.42,16.86,16.68,3.33,80.03,0,0,22.86,4.6,77.14,15.28,80.01
"AnegBpos",1.5,40,0.1,87.54,17.52,12.16,2.43,79.99,0.24,0,14.84,3.22,84.91,16.45,79.9
"AnegBpos",1.5,40,0.2,80.74,16.14,19.4,3.88,80.02,2.42,0.59,14.02,2.66,83.57,16.62,80.04
"AnegBpos",1.5,40,0.3,87.53,17.63,12.6,2.54,79.85,6.12,1.24,12.7,2.48,81.18,16.36,80.12
"AnegBpos",1.5,50,0,79.25,15.73,20.98,4.17,80.15,0,0,24.72,4.95,75.28,14.87,79.87
"AnegBpos",1.5,50,0.1,73.86,14.81,27.09,5.43,79.95,-0.34,-0.13,15.98,3.39,84.35,17.09,79.93
"AnegBpos",1.5,50,0.2,73.03,14.76,28.28,5.71,79.79,2.41,0.51,20.96,4.24,76.63,15.29,80.21
"AnegBpos",1.5,50,0.3,77.01,15.38,22.63,4.52,80.03,3.27,0.59,11.92,2.43,84.8,17.1,79.88
"AnegBpos",2,10,0,92.62,18.5,8,1.6,80.03,0,0,6.21,1.19,93.79,19.02,80.33
"AnegBpos",2,10,0.1,94.22,18.92,5.71,1.15,79.92,1.2,0.19,7.18,1.55,91.62,18.2,79.93
"AnegBpos",2,10,0.2,88.93,17.63,10.66,2.11,80.17,4.96,1.05,4.73,0.88,90.31,18.19,80.29
"AnegBpos",2,10,0.3,90.62,17.73,9.8,1.92,80.43,7.93,1.69,2.4,0.58,89.67,17.91,79.94
"AnegBpos",2,20,0,85.75,17.26,14.29,2.88,79.87,0,0,11.37,2.41,88.63,17.61,80.03
"AnegBpos",2,20,0.1,88.31,17.83,11.19,2.26,79.81,0.25,0.03,18.69,3.78,81.05,16.42,79.88
"AnegBpos",2,20,0.2,82.29,16.42,17.1,3.41,80.05,2.61,0.58,11.95,2.26,85.44,16.97,79.84
"AnegBpos",2,20,0.3,90.25,18.13,10,2.01,79.91,8.36,1.66,14.99,3.07,76.65,15.47,80.11
"AnegBpos",2,30,0,76.62,15.09,24.26,4.78,80.31,0,0,17.46,3.34,82.54,16.87,80.01
"AnegBpos",2,30,0.1,77.45,15.54,23.05,4.62,79.94,0.15,0.03,18.88,3.73,80.97,15.93,79.64
"AnegBpos",2,30,0.2,75.77,15.04,24.69,4.9,80.14,1.16,0.24,17.01,3.52,81.82,16.25,79.89
"AnegBpos",2,30,0.3,77.01,15.49,23.13,4.65,79.88,4.43,0.9,19.57,3.97,76,15.18,80.28
"AnegBpos",2,40,0,71.26,14.22,28.25,5.64,80.04,0,0,33.51,6.4,66.49,13.25,79.99
"AnegBpos",2,40,0.1,73.12,14.79,27.03,5.47,79.78,-0.61,-0.1,19.75,3.87,80.87,16.25,79.87
"AnegBpos",2,40,0.2,67.45,13.4,32.02,6.36,80.14,-0.57,-0.12,35.12,6.99,65.45,13.42,80.06
"AnegBpos",2,40,0.3,73.94,14.5,26.01,5.1,80.39,4.91,1.05,23.39,4.54,71.7,14.33,79.88
"AnegBpos",2,50,0,66.74,13.44,33.88,6.82,79.86,0,0,28.94,5.71,71.06,14.26,79.7
"AnegBpos",2,50,0.1,58.65,11.85,41.69,8.42,79.8,-0.5,-0.12,24.28,4.94,76.22,15.35,80.04
"AnegBpos",2,50,0.2,64.58,12.76,34.96,6.91,80.25,-0.32,-0.11,38.26,7.67,62.06,12.54,80.11
"AnegBpos",2,50,0.3,68.8,13.97,30.59,6.21,79.69,4.21,0.83,25.11,4.96,70.68,14.23,79.93
